{"cameraMode":{"drawMode":0,"name":"Shaded","section":"Shading Mode"},"sceneLighting":true,"audioPlay":false,"sceneViewState":{"showFog":true,"showMaterialUpdate":false,"showSkybox":true,"showFlares":true,"showImageEffects":true,"showParticleSystems":true},"in2DMode":false,"pivot":{"x":0.0000017881393432617188,"y":1.532034158706665,"z":0.016342639923095704},"rotation":{"x":-0.2456444650888443,"y":-0.03981935605406761,"z":0.01010058168321848,"w":-0.968491792678833},"size":2.6992993354797365,"orthographic":true}